{"_keyframes": [1, 2, 3, 4, 5, 6, 7, 8, 9, 10, 11, 12, 13, 14, 15, 16, 17, 18, 19, 20, 21, 22, 23, 24, 25, 26, 27, 28, 29, 30, 31, 32, 33, 34, 35, 36, 37, 38, 39, 40], "knee_l": [[0.0, 0.41422757506370544, 0.0], [0.029694335535168648, 0.38453322649002075, 0.0], [0.10393017530441284, 0.3102973997592926, 0.0], [0.20043674111366272, 0.21379080414772034, 0.0], [0.296943336725235, 0.11728419363498688, 0.0], [0.3711791932582855, 0.04304838180541992, 0.0], [0.40087348222732544, 0.01335403323173523, 0.0], [0.3979671597480774, 0.016260366886854172, 0.0], [0.38964900374412537, 0.02457849495112896, 0.0], [0.37652042508125305, 0.03770710155367851, 0.0], [0.3591826260089874, 0.055044885724782944, 0.0], [0.3382369875907898, 0.07599052786827087, 0.0], [0.3142848312854767, 0.09994271397590637, 0.0], [0.28792738914489746, 0.1263001412153244, 0.0], [0.25976601243019104, 0.15446153283119202, 0.0], [0.23040203750133514, 0.18382549285888672, 0.0], [0.20043674111366272, 0.21379080414772034, 0.0], [0.1704714298248291, 0.24375610053539276, 0.0], [0.1411074548959732, 0.27312007546424866, 0.0], [0.11294610798358917, 0.30128148198127747, 0.0], [0.08658871054649353, 0.3276388943195343, 0.0], [0.06263646483421326, 0.3515911102294922, 0.0], [0.041690826416015625, 0.3725368082523346, 0.0], [0.024353057146072388, 0.38987454771995544, 0.0], [0.011224448680877686, 0.40300315618515015, 0.0], [0.0029063820838928223, 0.411321222782135, 0.0], [0.0, 0.41422757506370544, 0.0], [0.0, 0.41422757506370544, 0.0], [0.0, 0.41422757506370544, 0.0], [0.0, 0.41422757506370544, 0.0], [0.0, 0.41422757506370544, 0.0], [0.0, 0.41422757506370544, 0.0], [0.0, 0.41422757506370544, 0.0], [0.0, 0.41422757506370544, 0.0], [0.0, 0.41422757506370544, 0.0], [0.0, 0.41422757506370544, 0.0], [0.0, 0.41422757506370544, 0.0], [0.0, 0.41422757506370544, 0.0], [0.0, 0.41422757506370544, 0.0], [0.0, 0.41422757506370544, 0.0]], "knee_r": [[0.183147594332695, 0.6095850467681885, 0.0], [0.1992754340171814, 0.5654197931289673, 0.0], [0.23959502577781677, 0.4550066292285919, 0.0], [0.2920105457305908, 0.31146955490112305, 0.0], [0.3444260358810425, 0.1679324507713318, 0.0], [0.38474562764167786, 0.05751931667327881, 0.0], [0.40087348222732544, 0.01335403323173523, 0.0], [0.39857667684555054, 0.03193802013993263, 0.0], [0.39223209023475647, 0.08058608323335648, 0.0], [0.38265857100486755, 0.1486423909664154, 0.0], [0.37067487835884094, 0.2254510521888733, 0.0], [0.3570998013019562, 0.300356388092041, 0.0], [0.3427520990371704, 0.3627023994922638, 0.0], [0.32845067977905273, 0.4018332064151764, 0.0], [0.3148735761642456, 0.42489442229270935, 0.0], [0.3021364212036133, 0.44618260860443115, 0.0], [0.29021403193473816, 0.4657686650753021, 0.0], [0.2790813148021698, 0.48372355103492737, 0.0], [0.26871323585510254, 0.5001181364059448, 0.0], [0.2590846121311188, 0.515023410320282, 0.0], [0.25017040967941284, 0.5285102725028992, 0.0], [0.24194549024105072, 0.5406495928764343, 0.0], [0.23438474535942078, 0.5515123605728149, 0.0], [0.22746308147907257, 0.561169445514679, 0.0], [0.22115540504455566, 0.5696918368339539, 0.0], [0.21543657779693604, 0.5771504044532776, 0.0], [0.21028155088424683, 0.5836159586906433, 0.0], [0.20566517114639282, 0.5891597270965576, 0.0], [0.20156237483024597, 0.5938522815704346, 0.0], [0.19794803857803345, 0.597764790058136, 0.0], [0.1947970688343048, 0.600968062877655, 0.0], [0.19208435714244843, 0.6035329699516296, 0.0], [0.18978479504585266, 0.6055306196212769, 0.0], [0.18787328898906708, 0.6070318222045898, 0.0], [0.18632473051548004, 0.6081075072288513, 0.0], [0.1851140260696411, 0.6088284850120544, 0.0], [0.18421606719493866, 0.6092658042907715, 0.0], [0.18360570073127747, 0.6094904541969299, 0.0], [0.18325790762901306, 0.6095731258392334, 0.0], [0.183147594332695, 0.6095850467681885, 0.0]]}