{"_keyframes": [1, 2, 3, 4, 5, 6, 7, 8, 9, 10, 11, 12, 13, 14, 15, 16, 17, 18, 19, 20, 21, 22, 23, 24, 25, 26, 27, 28, 29, 30, 31, 32, 33, 34, 35, 36, 37, 38, 39, 40, 41, 42, 43, 44, 45, 46, 47, 48, 49, 50, 51, 52, 53, 54, 55, 56, 57, 58, 59, 60, 61, 62, 63, 64, 65, 66, 67, 68, 69, 70, 71, 72, 73, 74, 75, 76, 77, 78, 79, 80], "_events": [null, null, null, null, null, null, null, null, null, null, "DAMAGE", "DAMAGE", "DAMAGE", "DAMAGE", "DAMAGE", "DAMAGE", "DAMAGE", "DAMAGE", "DAMAGE", "DAMAGE", "DAMAGE", "DAMAGE", "DAMAGE", "DAMAGE", null, null, null, null, null, null, null, null, null, null, null, null, null, null, null, null, null, null, null, null, null, null, null, null, null, null, null, null, null, null, null, null, null, null, null, null, null, null, null, null, null, null, null, null, null, null, null, null, null, null, null, null, null, null, null, null], "hand_l": {"pos": [[0.33526039123535156, 1.6219115257263184, 0.0], [0.33526039123535156, 1.6219115257263184, 0.0], [0.33526039123535156, 1.6249810457229614, 0.0], [0.33526039123535156, 1.633575439453125, 0.0], [0.33526039123535156, 1.646774172782898, 0.0], [0.33526039123535156, 1.6636561155319214, 0.0], [0.33526039123535156, 1.683300495147705, 0.0], [0.33526039123535156, 1.7047866582870483, 0.0], [0.33526039123535156, 1.7271937131881714, 0.0], [0.33526039123535156, 1.7496006488800049, 0.0], [0.33526039123535156, 1.7710868120193481, 0.0], [0.33526039123535156, 1.7907313108444214, 0.0], [0.33526039123535156, 1.8076132535934448, 0.0], [0.33526039123535156, 1.8208119869232178, 0.0], [0.33526039123535156, 1.8294062614440918, 0.0], [0.33526039123535156, 1.8324759006500244, 0.0], [0.33889493346214294, 1.750115990638733, 0.0], [0.3482682406902313, 1.56546950340271, 0.0], [0.36108478903770447, 1.3219006061553955, 0.0], [0.37504908442497253, 1.0378050804138184, 0.0], [0.3878656327724457, 0.7226303815841675, 0.0], [0.39723894000053406, 0.381223201751709, 0.0], [0.40087348222732544, 0.01335403323173523, 0.0], [0.40042737126350403, 0.03291848301887512, 0.0], [0.39912447333335876, 0.05326846241950989, 0.0], [0.39701810479164124, 0.0742669403553009, 0.0], [0.3941614627838135, 0.09589866548776627, 0.0], [0.3906078338623047, 0.11818243563175201, 0.0], [0.3864104449748993, 0.14115852117538452, 0.0], [0.3816225230693817, 0.1648867428302765, 0.0], [0.37629735469818115, 0.18944823741912842, 0.0], [0.37048816680908203, 0.21495100855827332, 0.0], [0.36424821615219116, 0.24153895676136017, 0.0], [0.35763072967529297, 0.2694077789783478, 0.0], [0.35068899393081665, 0.29883164167404175, 0.0], [0.343476265668869, 0.33021289110183716, 0.0], [0.3360457122325897, 0.3641825318336487, 0.0], [0.32845067977905273, 0.4018332064151764, 0.0], [0.3207406997680664, 0.4446519613265991, 0.0], [0.31295061111450195, 0.4926103353500366, 0.0], [0.30511170625686646, 0.5451783537864685, 0.0], [0.2972552180290222, 0.6018261909484863, 0.0], [0.2894122898578644, 0.6620238423347473, 0.0], [0.2816142439842224, 0.7252416014671326, 0.0], [0.27389219403266907, 0.7909493446350098, 0.0], [0.2662774622440338, 0.8586173057556152, 0.0], [0.2588012218475342, 0.9277155995368958, 0.0], [0.2514946460723877, 0.9977142214775085, 0.0], [0.24438905715942383, 1.0680832862854004, 0.0], [0.23751559853553772, 1.1382930278778076, 0.0], [0.23090553283691406, 1.2078135013580322, 0.0], [0.22459004819393158, 1.2761147022247314, 0.0], [0.21860040724277496, 1.3426668643951416, 0.0], [0.21296778321266174, 1.4069397449493408, 0.0], [0.2077234387397766, 1.468403935432434, 0.0], [0.2028985619544983, 1.5265295505523682, 0.0], [0.19852441549301147, 1.580786108970642, 0.0], [0.1946321725845337, 1.6306443214416504, 0.0], [0.19125308096408844, 1.6755735874176025, 0.0], [0.18841835856437683, 1.7150449752807617, 0.0], [0.18615922331809998, 1.7485277652740479, 0.0], [0.18450690805912018, 1.7754921913146973, 0.0], [0.18349263072013855, 1.7954087257385254, 0.0], [0.183147594332695, 1.8077471256256104, 0.0], [0.183147594332695, 1.8119778633117676, 0.0], [0.183147594332695, 1.8119778633117676, 0.0], [0.183147594332695, 1.8119778633117676, 0.0], [0.183147594332695, 1.8119778633117676, 0.0], [0.183147594332695, 1.8119778633117676, 0.0], [0.183147594332695, 1.8119778633117676, 0.0], [0.183147594332695, 1.8119778633117676, 0.0], [0.183147594332695, 1.8119778633117676, 0.0], [0.183147594332695, 1.8119778633117676, 0.0], [0.183147594332695, 1.8119778633117676, 0.0], [0.183147594332695, 1.8119778633117676, 0.0], [0.183147594332695, 1.8119778633117676, 0.0], [0.183147594332695, 1.8119778633117676, 0.0], [0.183147594332695, 1.8119778633117676, 0.0], [0.183147594332695, 1.8119778633117676, 0.0], [0.183147594332695, 1.8119778633117676, 0.0]], "frame": []},