{"_keyframes": [1, 2, 3, 4, 5, 6, 7, 8, 9, 10, 11, 12, 13, 14, 15, 16, 17, 18, 19, 20, 21, 22, 23, 24, 25, 26, 27, 28, 29, 30, 31, 32, 33, 34, 35, 36, 37, 38, 39, 40, 41, 42, 43, 44, 45, 46, 47, 48, 49, 50], "knee_l": {"pos": [[0.0, 0.41422757506370544, 0.0], [0.029694335535168648, 0.38453322649002075, 0.0], [0.10393017530441284, 0.3102973997592926, 0.0], [0.20043674111366272, 0.21379080414772034, 0.0], [0.296943336725235, 0.11728419363498688, 0.0], [0.3711791932582855, 0.04304838180541992, 0.0], [0.40087348222732544, 0.01335403323173523, 0.0], [0.3979671597480774, 0.016260366886854172, 0.0], [0.38964900374412537, 0.02457849495112896, 0.0], [0.37652042508125305, 0.03770710155367851, 0.0], [0.3591826260089874, 0.055044885724782944, 0.0], [0.3382369875907898, 0.07599052786827087, 0.0], [0.3142848312854767, 0.09994271397590637, 0.0], [0.28792738914489746, 0.1263001412153244, 0.0], [0.25976601243019104, 0.15446153283119202, 0.0], [0.23040203750133514, 0.18382549285888672, 0.0], [0.20043674111366272, 0.21379080414772034, 0.0], [0.1704714298248291, 0.24375610053539276, 0.0], [0.1411074548959732, 0.27312007546424866, 0.0], [0.11294610798358917, 0.30128148198127747, 0.0], [0.08658871054649353, 0.3276388943195343, 0.0], [0.06263646483421326, 0.3515911102294922, 0.0], [0.041690826416015625, 0.3725368082523346, 0.0], [0.024353057146072388, 0.38987454771995544, 0.0], [0.011224448680877686, 0.40300315618515015, 0.0], [0.0029063820838928223, 0.411321222782135, 0.0], [0.0, 0.41422757506370544, 0.0], [0.0, 0.41422757506370544, 0.0], [0.0, 0.41422757506370544, 0.0], [0.0, 0.41422757506370544, 0.0], [0.0, 0.41422757506370544, 0.0], [0.0, 0.41422757506370544, 0.0], [0.0, 0.41422757506370544, 0.0], [0.0, 0.41422757506370544, 0.0], [0.0, 0.41422757506370544, 0.0], [0.0, 0.41422757506370544, 0.0], [0.0, 0.41422757506370544, 0.0], [0.0, 0.41422757506370544, 0.0], [0.0, 0.41422757506370544, 0.0], [0.0, 0.41422757506370544, 0.0], [0.0, 0.41422757506370544, 0.0], [0.0, 0.41422757506370544, 0.0], [0.0, 0.41422757506370544, 0.0], [0.0, 0.41422757506370544, 0.0], [0.0, 0.41422757506370544, 0.0], [0.0, 0.41422757506370544, 0.0], [0.0, 0.41422757506370544, 0.0], [0.0, 0.41422757506370544, 0.0], [0.0, 0.41422757506370544, 0.0], [0.0, 0.41422757506370544, 0.0]], "frame": []}, "hand_r": {"pos": [[0.33526039123535156, 1.0462960004806519, 0.0], [0.33889493346214294, 0.999530017375946, 0.0], [0.3482682406902313, 0.8946832418441772, 0.0], [0.36108478903770447, 0.7563788294792175, 0.0], [0.37504908442497253, 0.5950623750686646, 0.0], [0.3878656327724457, 0.4160985052585602, 0.0], [0.39723894000053406, 0.2222391963005066, 0.0], [0.40087348222732544, 0.01335403323173523, 0.0], [0.40042737126350403, 0.04097976163029671, 0.0], [0.39912447333335876, 0.06839129328727722, 0.0], [0.39701810479164124, 0.09562601149082184, 0.0], [0.3941614627838135, 0.12268806993961334, 0.0], [0.3906078338623047, 0.14957232773303986, 0.0], [0.3864104449748993, 0.17626778781414032, 0.0], [0.3816225230693817, 0.20275820791721344, 0.0], [0.37629735469818115, 0.22902141511440277, 0.0], [0.37048816680908203, 0.25502797961235046, 0.0], [0.36424821615219116, 0.28073859214782715, 0.0], [0.35763072967529297, 0.3060999810695648, 0.0], [0.35068899393081665, 0.3310374319553375, 0.0], [0.343476265668869, 0.35544100403785706, 0.0], [0.3360457122325897, 0.3791389763355255, 0.0], [0.32845067977905273, 0.4018332064151764, 0.0], [0.3207406997680664, 0.42310309410095215, 0.0], [0.31295061111450195, 0.44288092851638794, 0.0], [0.30511170625686646, 0.46122023463249207, 0.0], [0.2972552180290222, 0.4781748652458191, 0.0], [0.2894122898578644, 0.49379849433898926, 0.0], [0.2816142439842224, 0.5081449151039124, 0.0], [0.27389219403266907, 0.5212677121162415, 0.0], [0.2662774622440338, 0.5332207679748535, 0.0], [0.2588012218475342, 0.5440577864646912, 0.0], [0.2514946460723877, 0.553832471370697, 0.0], [0.24438905715942383, 0.5625983476638794, 0.0], [0.23751559853553772, 0.5704094767570496, 0.0], [0.23090553283691406, 0.577319324016571, 0.0], [0.22459004819393158, 0.583381712436676, 0.0], [0.21860040724277496, 0.5886504054069519, 0.0], [0.21296778321266174, 0.5931791663169861, 0.0], [0.2077234387397766, 0.5970215201377869, 0.0], [0.2028985619544983, 0.600231409072876, 0.0], [0.19852441549301147, 0.6028623580932617, 0.0], [0.1946321725845337, 0.604968249797821, 0.0], [0.19125308096408844, 0.6066027283668518, 0.0], [0.18841835856437683, 0.607819676399231, 0.0], [0.18615922331809998, 0.6086726188659668, 0.0], [0.18450690805912018, 0.6092153787612915, 0.0], [0.18349263072013855, 0.6095016002655029, 0.0], [0.183147594332695, 0.6095850467681885, 0.0], [0.183147594332695, 0.6095850467681885, 0.0]], "frame": [0, 0, 0, 0, 0, 0, 0, 0, 0, 0, 0, 0, 0, 0, 0, 0, 0, 0, 0, 0, 0, 0, 0, 0, 0, 0, 0, 0, 0, 1, 1, 1, 1, 1, 1, 1, 1, 1, 1, 1, 1, 1, 1, 1, 1, 1, 1, 1, 1, 1]}}